<?xml version="1.0" encoding="UTF-8"?>
<feature
      id="org.eclipse.m2m.qvt.oml.editor"
      label="%featureName"
      version="2.0.0.v20090316-1930-3--7w311A163702A51"
      provider-name="%providerName"
      plugin="org.eclipse.m2m.qvt.oml.editor.ui"
      image="eclipse_update_120.jpg">

   <description url="http://www.eclipse.org/modeling/m2m">
      %description
   </description>

   <copyright url="http://www.eclipse.org/legal/epl-v10.html">
      %copyright
   </copyright>

   <license url="%licenseURL">
      %license
   </license>

   <requires>
      <import plugin="org.eclipse.core.resources" version="3.4.0" match="compatible"/>
      <import plugin="org.eclipse.core.runtime" version="3.4.0" match="compatible"/>
      <import plugin="org.eclipse.emf.ecore" version="2.5.0" match="compatible"/>
      <import plugin="org.eclipse.jface.text" version="3.4.0" match="compatible"/>
      <import plugin="org.eclipse.ui" version="3.5.0" match="compatible"/>
      <import plugin="org.eclipse.ui.views" version="3.3.0" match="compatible"/>
      <import plugin="org.eclipse.ui.editors" version="3.4.0" match="compatible"/>
      <import plugin="org.eclipse.ui.workbench.texteditor" version="3.5.0" match="compatible"/>
      <import plugin="org.eclipse.ui.ide" version="3.4.0" match="compatible"/>
      <import plugin="org.eclipse.jdt.ui" version="3.5.0" match="compatible"/>
      <import plugin="org.eclipse.m2m.qvt.oml.ocl" version="2.0.0" match="compatible"/>
      <import plugin="org.eclipse.m2m.qvt.oml" version="2.0.0" match="compatible"/>
      <import plugin="org.eclipse.m2m.qvt.oml.common" version="2.0.0" match="compatible"/>
      <import plugin="org.eclipse.m2m.qvt.oml.common.ui" version="2.0.0" match="compatible"/>
      <import plugin="org.eclipse.m2m.qvt.oml.emf.util" version="2.0.0" match="compatible"/>
      <import plugin="org.eclipse.m2m.qvt.oml.project" version="2.0.0" match="compatible"/>
      <import plugin="org.eclipse.m2m.qvt.oml.runtime" version="2.0.0" match="compatible"/>
   </requires>

   <plugin
         id="org.eclipse.m2m.qvt.oml.editor.ui"
         download-size="0"
         install-size="0"
         version="2.0.0.v20090526-1940"
         unpack="false"/>

</feature>
