<?xml version="1.0" encoding="UTF-8"?>
<feature
      id="org.eclipse.m2m.qvt.oml.runtime"
      label="%featureName"
      version="2.0.0.v20090410-1820-79--AkF77g7RCR3BeK7"
      provider-name="%providerName"
      plugin="org.eclipse.m2m.qvt.oml.runtime"
      image="eclipse_update_120.jpg">

   <description url="http://www.eclipse.org/modeling/m2m">
      %description
   </description>

   <copyright url="http://www.eclipse.org/legal/epl-v10.html">
      %copyright
   </copyright>

   <license url="%licenseURL">
      %license
   </license>

   <requires>
      <import plugin="org.eclipse.core.runtime" version="3.4.0" match="compatible"/>
      <import plugin="org.eclipse.pde.core" version="3.4.0" match="compatible"/>
      <import plugin="org.eclipse.core.resources" version="3.4.0" match="compatible"/>
      <import plugin="org.eclipse.m2m.qvt.oml.common" version="2.0.0" match="compatible"/>
      <import plugin="org.eclipse.m2m.qvt.oml.emf.util" version="2.0.0" match="compatible"/>
      <import plugin="org.eclipse.m2m.qvt.oml" version="2.0.0" match="compatible"/>
      <import plugin="org.eclipse.m2m.qvt.oml.runtime" version="2.0.0" match="compatible"/>
      <import plugin="org.eclipse.core.variables" version="3.0.0" match="compatible"/>
      <import plugin="org.eclipse.debug.core" version="3.4.0" match="compatible"/>
      <import plugin="org.eclipse.emf.ecore.xmi" version="2.5.0" match="compatible"/>
      <import plugin="org.apache.ant" version="1.7.1" match="compatible"/>
      <import plugin="org.eclipse.debug.ui" version="3.4.0" match="compatible"/>
      <import plugin="org.eclipse.ui.ide" version="3.4.0" match="compatible"/>
      <import plugin="org.eclipse.m2m.qvt.oml.common.ui" version="2.0.0" match="compatible"/>
      <import plugin="org.eclipse.m2m.qvt.oml.emf.util.ui" version="2.0.0" match="compatible"/>
      <import plugin="org.eclipse.m2m.qvt.oml.project" version="2.0.0" match="compatible"/>
      <import plugin="org.eclipse.emf.edit.ui" version="2.5.0" match="compatible"/>
      <import plugin="org.eclipse.emf.edit" version="2.4.0" match="compatible"/>
   </requires>

   <plugin
         id="org.eclipse.m2m.qvt.oml.project"
         download-size="0"
         install-size="0"
         version="2.0.0.v20090410-1820"
         unpack="false"/>

   <plugin
         id="org.eclipse.m2m.qvt.oml.runtime"
         download-size="0"
         install-size="0"
         version="2.0.0.v20090608-1830"
         unpack="false"/>

   <plugin
         id="org.eclipse.m2m.qvt.oml.runtime.ui"
         download-size="0"
         install-size="0"
         version="2.0.0.v20090526-1940"
         unpack="false"/>

   <plugin
         id="org.eclipse.m2m.qvt.oml.trace.edit"
         download-size="0"
         install-size="0"
         version="2.0.0.v20090526-1940"
         unpack="false"/>

</feature>
