<?xml version="1.0" encoding="UTF-8"?>
<feature
      id="org.eclipse.m2m.qvt.oml.common"
      label="%featureName"
      version="2.0.0.v20090410-1820-79--AkF77g7SDX3BfM7"
      provider-name="%providerName"
      plugin="org.eclipse.m2m.qvt.oml.common"
      image="eclipse_update_120.jpg">

   <description url="http://www.eclipse.org/modeling/m2m">
      %description
   </description>

   <copyright url="http://www.eclipse.org/legal/epl-v10.html">
      %copyright
   </copyright>

   <license url="%licenseURL">
      %license
   </license>

   <requires>
      <import plugin="org.eclipse.core.runtime" version="3.4.0" match="compatible"/>
      <import plugin="org.eclipse.core.resources" version="3.4.0" match="compatible"/>
      <import plugin="org.eclipse.emf.ecore.xmi" version="2.5.0" match="compatible"/>
      <import plugin="org.eclipse.ocl.ecore" version="1.3.0" match="compatible"/>
      <import plugin="org.eclipse.emf.codegen.ecore.ui" version="2.5.0" match="compatible"/>
      <import plugin="org.eclipse.m2m.qvt.oml.emf.util" version="2.0.0" match="compatible"/>
      <import plugin="org.eclipse.ui.editors" version="3.4.0" match="compatible"/>
      <import plugin="org.eclipse.core.filesystem" version="1.2.0" match="compatible"/>
      <import plugin="org.eclipse.debug.core" version="3.4.0" match="compatible"/>
      <import plugin="org.eclipse.pde.core" version="3.4.0" match="compatible"/>
      <import plugin="org.eclipse.emf.ecore" version="2.5.0" match="compatible"/>
      <import plugin="org.eclipse.ui.ide" version="3.4.0" match="compatible"/>
      <import plugin="org.eclipse.debug.ui" version="3.4.0" match="compatible"/>
      <import plugin="org.eclipse.emf.edit.ui" version="2.5.0" match="compatible"/>
      <import plugin="org.eclipse.m2m.qvt.oml.common" version="2.0.0" match="compatible"/>
      <import plugin="org.eclipse.m2m.qvt.oml.emf.util.ui" version="2.0.0" match="compatible"/>
      <import plugin="org.eclipse.core.expressions" version="3.4.0" match="compatible"/>
   </requires>

   <plugin
         id="org.eclipse.m2m.qvt.oml.emf.util"
         download-size="0"
         install-size="0"
         version="2.0.0.v20090526-1940"
         unpack="false"/>

   <plugin
         id="org.eclipse.m2m.qvt.oml.emf.util.ui"
         download-size="0"
         install-size="0"
         version="2.0.0.v20090526-1940"
         unpack="false"/>

   <plugin
         id="org.eclipse.m2m.qvt.oml.common"
         download-size="0"
         install-size="0"
         version="2.0.0.v20090608-1830"
         unpack="false"/>

   <plugin
         id="org.eclipse.m2m.qvt.oml.common.ui"
         download-size="0"
         install-size="0"
         version="2.0.0.v20090526-1940"
         unpack="false"/>

</feature>
