<?xml version="1.0" encoding="UTF-8"?>
<feature
      id="org.eclipse.m2m.qvt.oml"
      label="%featureName"
      version="2.0.0.v20090316-1930-78--AkF77g7SCW3BeM7"
      provider-name="%providerName"
      plugin="org.eclipse.m2m.qvt.oml"
      image="eclipse_update_120.jpg">

   <description url="http://www.eclipse.org/modeling/m2m">
      %description
   </description>

   <copyright url="http://www.eclipse.org/legal/epl-v10.html">
      %copyright
   </copyright>

   <license url="%licenseURL">
      %license
   </license>

   <requires>
      <import plugin="org.eclipse.core.runtime" version="3.4.0" match="compatible"/>
      <import plugin="org.eclipse.emf.ecore" version="2.5.0" match="compatible"/>
      <import plugin="org.eclipse.m2m.qvt.oml" version="2.0.0" match="compatible"/>
      <import plugin="org.eclipse.core.resources" version="3.4.0" match="compatible"/>
      <import plugin="org.eclipse.emf.ecore.xmi" version="2.5.0" match="compatible"/>
      <import plugin="org.eclipse.emf.ecore.change" version="2.4.0" match="compatible"/>
      <import plugin="org.eclipse.m2m.qvt.oml.common" version="2.0.0" match="compatible"/>
      <import plugin="org.eclipse.m2m.qvt.oml.emf.util" version="2.0.0" match="compatible"/>
      <import plugin="org.eclipse.m2m.qvt.oml.cst.parser" version="2.0.0" match="compatible"/>
      <import plugin="org.eclipse.ocl.ecore" version="1.3.0" match="compatible"/>
      <import plugin="org.eclipse.m2m.qvt.oml.ecore.imperativeocl" version="1.0.0" match="compatible"/>
      <import plugin="com.ibm.icu"/>
      <import plugin="org.eclipse.ocl" version="1.3.0" match="compatible"/>
      <import plugin="org.eclipse.osgi" version="3.5.0" match="compatible"/>
      <import plugin="org.eclipse.core.runtime" version="3.5.0" match="compatible"/>
   </requires>

   <plugin
         id="org.eclipse.m2m.qvt.oml.ocl"
         download-size="0"
         install-size="0"
         version="2.0.0.v20090526-1940"
         unpack="false"/>

   <plugin
         id="org.eclipse.m2m.qvt.oml"
         download-size="0"
         install-size="0"
         version="2.0.0.v20090608-1830"
         unpack="false"/>

   <plugin
         id="org.eclipse.m2m.qvt.oml.cst.parser"
         download-size="0"
         install-size="0"
         version="2.0.0.v20090526-1940"
         unpack="false"/>

   <plugin
         id="org.eclipse.m2m.qvt.oml.ecore.imperativeocl"
         download-size="0"
         install-size="0"
         version="1.0.0.v20090515-1840"
         unpack="false"/>

</feature>
