<?xml version="1.0" encoding="UTF-8"?>
<!--
/**
 * <copyright>
 *
 * Copyright (c) 2005, 2009 IBM Corporation, Zeligsoft Inc. and others.
 * All rights reserved.   This program and the accompanying materials
 * are made available under the terms of the Eclipse Public License v1.0
 * which accompanies this distribution, and is available at
 * http://www.eclipse.org/legal/epl-v10.html
 *
 * Contributors:
 *   IBM - Initial API and implementation
 *   Zeligsoft - Bug 262540
 *
 * </copyright>
 */
-->
<feature
      id="org.eclipse.emf.query.ocl"
      label="%featureName"
      version="1.2.100.v200901271643-21-7w311A142A1142"
      provider-name="%providerName"
      image="modeling32.png">

   <description url="http://www.eclipse.org/modeling/emf/?project=query">
      %description
   </description>

   <copyright url="http://www.eclipse.org/legal/epl-v10.html">
      Copyright (c) 2005, 2009 IBM Corporation, Zeligsoft Inc. and others.
All rights reserved.   This program and the accompanying materials
are made available under the terms of the Eclipse Public License v1.0
which accompanies this distribution, and is available at
http://www.eclipse.org/legal/epl-v10.html
   </copyright>

   <license url="%licenseURL">
      %license
   </license>

   <url>
      <update label="%updateSiteName" url="http://download.eclipse.org/modeling/emf/updates/"/>
      <discovery label="%updateSiteName" url="http://download.eclipse.org/modeling/emf/updates/"/>
   </url>

   <requires>
      <import plugin="org.eclipse.emf.ecore" version="2.3.0" match="compatible"/>
      <import plugin="org.eclipse.emf.query" version="1.2.100" match="compatible"/>
      <import plugin="org.eclipse.emf.ocl" version="1.1.0" match="compatible"/>
      <import plugin="org.eclipse.core.runtime" version="3.2.0" match="compatible"/>
      <import plugin="org.eclipse.ocl" version="1.2.0" match="compatible"/>
   </requires>

   <plugin
         id="org.eclipse.emf.query.ocl"
         download-size="0"
         install-size="0"
         version="1.2.0.v200903190031"
         unpack="false"/>

</feature>
