<?xml version="1.0" encoding="UTF-8"?>
<feature
      id="org.eclipse.emf.codegen.jet.editor"
      label="%featureName"
      version="0.7.0.v200610050245"
      provider-name="%providerName">

   <description url="http://www.eclipse.org/emft">
      %description
   </description>

   <copyright url="http://www.example.com/copyright">
      Copyright (c) 2005 Joël Cheuoua and others.
All rights reserved.   This program and the accompanying materials
are made available under the terms of the Eclipse Public License
v1.0
which accompanies this distribution, and is available at
http://www.eclipse.org/legal/epl-v10.html
   </copyright>

   <license url="%licenseURL">
      %license
   </license>

   <url>
      <update label="%updateSiteName" url="http://download.eclipse.org/technology/emft/jet/update-site/site.xml"/>
   </url>

   <requires>
      <import feature="org.eclipse.jdt" version="3.2.0"/>
      <import feature="org.eclipse.emf" version="2.2.0"/>
   </requires>

   <plugin
         id="org.eclipse.emf.codegen.jet.editor"
         download-size="0"
         install-size="0"
         version="0.7.0.v200610050245"
         unpack="false"/>

</feature>
