<?xml version="1.0" encoding="UTF-8"?>
<feature
      id="org.eclipse.gmf.runtime.thirdparty"
      label="%featureName"
      version="1.1.0.v20090615-1314-7P8W5FHV2CJug06-fEj-aw311A16"
      provider-name="%providerName"
      image="eclipse_update_120.jpg">

   <description url="http://www.eclipse.org/gmf">
      %description
   </description>

   <copyright url="http://www.eclipse.org/legal/epl-v10.html">
      Copyright (c) 2006 Borland Software Corporation

 All rights reserved. This program and the accompanying materials are made available under the terms of the Eclipse Public License v1.0 which accompanies this distribution, and is available at http://www.eclipse.org/legal/epl-v10.html
   </copyright>

   <license url="%licenseURL">
      %license
   </license>

   <url>
      <update label="%updateSiteName" url="http://download.eclipse.org/modeling/gmf/updates/releases/"/>
   </url>

   <requires>
      <import plugin="org.apache.batik.css"/>
      <import plugin="org.apache.batik.dom"/>
      <import plugin="org.apache.batik.parser"/>
      <import plugin="org.apache.batik.util"/>
      <import plugin="org.w3c.css.sac"/>
      <import plugin="org.eclipse.osgi"/>
      <import plugin="org.apache.batik.dom.svg"/>
      <import plugin="org.apache.batik.ext.awt"/>
      <import plugin="org.apache.batik.util.gui"/>
      <import plugin="org.apache.batik.xml"/>
      <import plugin="org.apache.batik.bridge"/>
      <import plugin="org.apache.batik.svggen"/>
      <import plugin="javax.xml" version="1.3.4" match="compatible"/>
      <import plugin="org.apache.xml.serializer" version="2.7.1" match="compatible"/>
      <import plugin="org.apache.batik.transcoder"/>
   </requires>

   <plugin
         id="org.apache.batik.dom.svg"
         download-size="0"
         install-size="0"
         version="1.6.0.v200805290154"
         unpack="false"/>

   <plugin
         id="org.apache.batik.bridge"
         download-size="0"
         install-size="0"
         version="1.6.0.v200805290154"
         unpack="false"/>

   <plugin
         id="org.apache.batik.dom"
         download-size="0"
         install-size="0"
         version="1.6.0.v200805290154"
         unpack="false"/>

   <plugin
         id="org.apache.batik.ext.awt"
         download-size="0"
         install-size="0"
         version="1.6.0.v200805290154"
         unpack="false"/>

   <plugin
         id="org.apache.batik.transcoder"
         download-size="0"
         install-size="0"
         version="1.6.0.v200805290154"
         unpack="false"/>

   <plugin
         id="org.apache.batik.svggen"
         download-size="0"
         install-size="0"
         version="1.6.0.v200805290154"
         unpack="false"/>

   <plugin
         id="org.apache.batik.util"
         download-size="0"
         install-size="0"
         version="1.6.0.v200805290154"
         unpack="false"/>

   <plugin
         id="org.w3c.dom.svg"
         download-size="0"
         install-size="0"
         version="1.1.0.v200806040011"
         unpack="false"/>

   <plugin
         id="org.apache.xerces"
         download-size="0"
         install-size="0"
         version="2.9.0.v200909240008"
         unpack="false"/>

   <plugin
         id="org.apache.xml.resolver"
         download-size="0"
         install-size="0"
         version="1.2.0.v200902170519"
         unpack="false"/>

   <plugin
         id="org.apache.batik.css"
         download-size="0"
         install-size="0"
         version="1.6.0.v200805290154"
         unpack="false"/>

   <plugin
         id="org.apache.batik.util.gui"
         download-size="0"
         install-size="0"
         version="1.6.0.v200805290154"
         unpack="false"/>

   <plugin
         id="org.apache.batik.parser"
         download-size="0"
         install-size="0"
         version="1.6.0.v200805290154"
         unpack="false"/>

   <plugin
         id="org.apache.batik.xml"
         download-size="0"
         install-size="0"
         version="1.6.0.v200805290154"
         unpack="false"/>

   <plugin
         id="org.w3c.css.sac"
         download-size="0"
         install-size="0"
         version="1.3.0.v200805290154"
         unpack="false"/>

   <plugin
         id="org.w3c.dom.smil"
         download-size="0"
         install-size="0"
         version="1.0.1.v200903091627"
         unpack="false"/>

   <plugin
         id="javax.xml"
         download-size="0"
         install-size="0"
         version="1.3.4.v200902170245"
         unpack="false"/>

   <plugin
         id="org.apache.xml.serializer"
         download-size="0"
         install-size="0"
         version="2.7.1.v200902170519"
         unpack="false"/>

   <plugin
         id="org.apache.batik.pdf"
         download-size="0"
         install-size="0"
         version="1.6.0.v200806031500"
         unpack="false"/>

   <plugin
         id="org.w3c.dom.events"
         download-size="0"
         install-size="0"
         version="3.0.0.draft20060413_v200905140418"
         unpack="false"/>

</feature>
